{"initial_reset_timestamp": 1545630185.954578, "timestamps": [1545630194.627496, 1545630203.197505, 1545630203.400722, 1545630203.445424, 1545630203.485416, 1545630203.530889, 1545630203.575234, 1545630203.617322, 1545630212.071362, 1545630212.272864, 1545630212.315003, 1545630212.3571641, 1545630212.401203, 1545630212.4446442, 1545630212.4873421, 1545630212.533571, 1545630212.5770822, 1545630212.620955, 1545630212.66441, 1545630212.707596, 1545630212.746659, 1545630212.7899, 1545630212.8310149, 1545630212.875306, 1545630212.917726, 1545630212.9635, 1545630213.002537, 1545630221.4544299, 1545630221.65918, 1545630221.699651, 1545630221.7417119, 1545630221.78221, 1545630221.823214, 1545630221.8664682, 1545630221.909533, 1545630221.95486, 1545630221.994399, 1545630222.0365381, 1545630222.079335, 1545630222.123307, 1545630222.165709, 1545630222.210567, 1545630222.2498271, 1545630222.289403, 1545630222.329895, 1545630222.372405, 1545630222.418877, 1545630222.4592378, 1545630222.503986, 1545630222.547981, 1545630222.593036, 1545630222.636179, 1545630222.676554, 1545630222.719358, 1545630222.763556, 1545630222.8058581, 1545630222.848227, 1545630222.8875551, 1545630222.9315321, 1545630222.973836, 1545630223.0159318, 1545630223.059804, 1545630223.1012979, 1545630223.143271, 1545630231.658732, 1545630231.854174, 1545630231.8995311, 1545630231.941483, 1545630231.979646, 1545630232.024207, 1545630232.0639958, 1545630232.108026, 1545630232.151104, 1545630232.19329, 1545630232.234376, 1545630232.279388, 1545630232.321644, 1545630232.36587, 1545630232.405947, 1545630232.445753, 1545630232.4883058, 1545630232.532189, 1545630232.5733252, 1545630232.614242, 1545630232.657241, 1545630232.700007, 1545630232.7390678, 1545630232.78003, 1545630232.8269172, 1545630232.871943, 1545630232.914644, 1545630232.9577742, 1545630233.002719, 1545630233.0423071, 1545630233.0835168, 1545630233.1255481, 1545630233.167331, 1545630233.2088299, 1545630233.248638, 1545630233.292604], "episode_lengths": [200, 200, 200, 200, 200, 200, 200, 200, 200, 200, 200, 200, 200, 200, 200, 200, 200, 200, 200, 200, 200, 200, 200, 200, 200, 200, 200, 200, 200, 200, 200, 200, 200, 200, 200, 200, 200, 200, 200, 200, 200, 200, 200, 200, 200, 200, 200, 200, 200, 200, 200, 200, 200, 200, 200, 200, 200, 200, 200, 200, 200, 200, 200, 200, 200, 200, 200, 200, 200, 200, 200, 200, 200, 200, 200, 200, 200, 200, 200, 200, 200, 200, 200, 200, 200, 200, 200, 200, 200, 200, 200, 200, 200, 200, 200, 200, 200, 200, 200, 200], "episode_rewards": [-200.0, -200.0, -200.0, -200.0, -200.0, -200.0, -200.0, -200.0, -200.0, -200.0, -200.0, -200.0, -200.0, -200.0, -200.0, -200.0, -200.0, -200.0, -200.0, -200.0, -200.0, -200.0, -200.0, -200.0, -200.0, -200.0, -200.0, -200.0, -200.0, -200.0, -200.0, -200.0, -200.0, -200.0, -200.0, -200.0, -200.0, -200.0, -200.0, -200.0, -200.0, -200.0, -200.0, -200.0, -200.0, -200.0, -200.0, -200.0, -200.0, -200.0, -200.0, -200.0, -200.0, -200.0, -200.0, -200.0, -200.0, -200.0, -200.0, -200.0, -200.0, -200.0, -200.0, -200.0, -200.0, -200.0, -200.0, -200.0, -200.0, -200.0, -200.0, -200.0, -200.0, -200.0, -200.0, -200.0, -200.0, -200.0, -200.0, -200.0, -200.0, -200.0, -200.0, -200.0, -200.0, -200.0, -200.0, -200.0, -200.0, -200.0, -200.0, -200.0, -200.0, -200.0, -200.0, -200.0, -200.0, -200.0, -200.0, -200.0], "episode_types": ["t", "t", "t", "t", "t", "t", "t", "t", "t", "t", "t", "t", "t", "t", "t", "t", "t", "t", "t", "t", "t", "t", "t", "t", "t", "t", "t", "t", "t", "t", "t", "t", "t", "t", "t", "t", "t", "t", "t", "t", "t", "t", "t", "t", "t", "t", "t", "t", "t", "t", "t", "t", "t", "t", "t", "t", "t", "t", "t", "t", "t", "t", "t", "t", "t", "t", "t", "t", "t", "t", "t", "t", "t", "t", "t", "t", "t", "t", "t", "t", "t", "t", "t", "t", "t", "t", "t", "t", "t", "t", "t", "t", "t", "t", "t", "t", "t", "t", "t", "t"]}