{"initial_reset_timestamp": 1546827318.6858041, "timestamps": [1546827322.6604679, 1546827325.9348, 1546827326.200934, 1546827326.2520041, 1546827326.321823, 1546827326.379963, 1546827326.433595, 1546827326.480754, 1546827330.280726, 1546827330.656065, 1546827330.711036, 1546827330.7569, 1546827330.8098922, 1546827330.8498812, 1546827330.914739, 1546827330.9571111, 1546827331.00651, 1546827331.044748, 1546827331.095926, 1546827331.139331, 1546827331.182545, 1546827331.229528, 1546827331.271193, 1546827331.31632, 1546827331.394968, 1546827331.432683, 1546827331.471317, 1546827334.7527301, 1546827335.029536, 1546827335.086014, 1546827335.1221771, 1546827335.175472, 1546827335.22651, 1546827335.268908, 1546827335.329037, 1546827335.3786051, 1546827335.4339688, 1546827335.4734411, 1546827335.514187, 1546827335.5541718, 1546827335.596823, 1546827335.636572, 1546827335.675848, 1546827335.731104, 1546827335.776391, 1546827335.830217, 1546827335.875008, 1546827335.917464, 1546827335.959502, 1546827336.003777, 1546827336.0468109, 1546827336.093185, 1546827336.158185, 1546827336.2163289, 1546827336.276335, 1546827336.3234172, 1546827336.369411, 1546827336.420009, 1546827336.4675672, 1546827336.5259142, 1546827336.565535, 1546827336.615797, 1546827336.6744719, 1546827336.718747, 1546827340.474775, 1546827340.770061, 1546827340.813972, 1546827340.8592699, 1546827340.9113028, 1546827340.9596958, 1546827341.002793, 1546827341.044928, 1546827341.110952, 1546827341.1495922, 1546827341.200821, 1546827341.244106, 1546827341.2851121, 1546827341.323494, 1546827341.371639, 1546827341.41524, 1546827341.490008, 1546827341.536639, 1546827341.583155, 1546827341.639115, 1546827341.676377, 1546827341.737073, 1546827341.7868102, 1546827341.826171, 1546827341.881674, 1546827341.945606, 1546827341.991648, 1546827342.0316632, 1546827342.093816, 1546827342.154185, 1546827342.1952431, 1546827342.235623, 1546827342.275787, 1546827342.319744, 1546827342.3706748, 1546827342.415531], "episode_lengths": [85, 67, 74, 83, 116, 90, 75, 73, 75, 84, 73, 67, 82, 62, 102, 68, 82, 62, 84, 68, 67, 76, 69, 75, 131, 62, 67, 67, 77, 95, 61, 86, 85, 67, 100, 85, 90, 66, 68, 66, 69, 67, 67, 88, 77, 90, 73, 62, 66, 67, 67, 68, 100, 77, 62, 67, 66, 76, 76, 89, 62, 74, 69, 68, 68, 74, 75, 77, 90, 83, 74, 73, 110, 62, 83, 67, 67, 62, 76, 62, 114, 74, 74, 88, 60, 97, 81, 62, 85, 103, 76, 67, 102, 102, 68, 66, 66, 73, 83, 66], "episode_rewards": [-84.0, -66.0, -73.0, -82.0, -115.0, -89.0, -74.0, -72.0, -74.0, -83.0, -72.0, -66.0, -81.0, -61.0, -101.0, -67.0, -81.0, -61.0, -83.0, -67.0, -66.0, -75.0, -68.0, -74.0, -130.0, -61.0, -66.0, -66.0, -76.0, -94.0, -60.0, -85.0, -84.0, -66.0, -99.0, -84.0, -89.0, -65.0, -67.0, -65.0, -68.0, -66.0, -66.0, -87.0, -76.0, -89.0, -72.0, -61.0, -65.0, -66.0, -66.0, -67.0, -99.0, -76.0, -61.0, -66.0, -65.0, -75.0, -75.0, -88.0, -61.0, -73.0, -68.0, -67.0, -67.0, -73.0, -74.0, -76.0, -89.0, -82.0, -73.0, -72.0, -109.0, -61.0, -82.0, -66.0, -66.0, -61.0, -75.0, -61.0, -113.0, -73.0, -73.0, -87.0, -59.0, -96.0, -80.0, -61.0, -84.0, -102.0, -75.0, -66.0, -101.0, -101.0, -67.0, -65.0, -65.0, -72.0, -82.0, -65.0], "episode_types": ["t", "t", "t", "t", "t", "t", "t", "t", "t", "t", "t", "t", "t", "t", "t", "t", "t", "t", "t", "t", "t", "t", "t", "t", "t", "t", "t", "t", "t", "t", "t", "t", "t", "t", "t", "t", "t", "t", "t", "t", "t", "t", "t", "t", "t", "t", "t", "t", "t", "t", "t", "t", "t", "t", "t", "t", "t", "t", "t", "t", "t", "t", "t", "t", "t", "t", "t", "t", "t", "t", "t", "t", "t", "t", "t", "t", "t", "t", "t", "t", "t", "t", "t", "t", "t", "t", "t", "t", "t", "t", "t", "t", "t", "t", "t", "t", "t", "t", "t", "t"]}