{"initial_reset_timestamp": 1546653028.915075, "timestamps": [1546653031.70931, 1546653033.344138, 1546653033.4545522, 1546653033.521842, 1546653033.5883598, 1546653033.624552, 1546653033.6676831, 1546653033.703536, 1546653035.19643, 1546653035.3153448, 1546653035.38483, 1546653035.442226, 1546653035.5088189, 1546653035.543908, 1546653035.580655, 1546653035.637847, 1546653035.672343, 1546653035.752224, 1546653035.793196, 1546653035.83466, 1546653035.889385, 1546653035.927061, 1546653035.9853299, 1546653036.042086, 1546653036.076372, 1546653036.14032, 1546653036.181386, 1546653039.030709, 1546653039.134263, 1546653039.191413, 1546653039.2905111, 1546653039.398554, 1546653039.446615, 1546653039.517174, 1546653039.5575411, 1546653039.620167, 1546653039.691829, 1546653039.753829, 1546653039.8203578, 1546653039.904481, 1546653040.048936, 1546653040.113499, 1546653040.17804, 1546653040.236811, 1546653040.299316, 1546653040.3805592, 1546653040.453556, 1546653040.497358, 1546653040.584221, 1546653040.646981, 1546653040.711403, 1546653040.763883, 1546653040.8268192, 1546653040.894829, 1546653040.931479, 1546653040.9731278, 1546653041.048044, 1546653041.092258, 1546653041.1601799, 1546653041.210207, 1546653041.2687051, 1546653041.3278878, 1546653041.390833, 1546653041.466163, 1546653042.626718, 1546653042.73448, 1546653042.793163, 1546653042.826137, 1546653042.862342, 1546653042.8977878, 1546653042.9616199, 1546653043.0177438, 1546653043.058414, 1546653043.116534, 1546653043.1688828, 1546653043.245087, 1546653043.365927, 1546653043.430826, 1546653043.4980779, 1546653043.562064, 1546653043.625319, 1546653043.689249, 1546653043.737057, 1546653043.801096, 1546653043.840012, 1546653043.8765981, 1546653043.9158158, 1546653043.9774039, 1546653044.013779, 1546653044.075339, 1546653044.1380181, 1546653044.212001, 1546653044.273973, 1546653044.33235, 1546653044.399779, 1546653044.4573069, 1546653044.522322, 1546653044.580587, 1546653044.653045, 1546653044.7851222], "episode_lengths": [149, 91, 140, 159, 159, 85, 104, 85, 88, 160, 161, 139, 162, 89, 91, 144, 85, 139, 85, 88, 138, 92, 142, 141, 84, 160, 103, 160, 93, 85, 139, 144, 96, 163, 89, 149, 166, 150, 150, 111, 153, 139, 142, 139, 147, 175, 149, 94, 200, 141, 147, 123, 147, 163, 85, 99, 173, 102, 159, 119, 139, 137, 145, 152, 84, 143, 141, 84, 93, 89, 163, 141, 96, 143, 92, 97, 145, 139, 141, 149, 145, 145, 109, 142, 90, 84, 92, 145, 85, 142, 147, 166, 143, 138, 156, 139, 150, 141, 159, 141], "episode_rewards": [-149.0, -91.0, -140.0, -159.0, -159.0, -85.0, -104.0, -85.0, -88.0, -160.0, -161.0, -139.0, -162.0, -89.0, -91.0, -144.0, -85.0, -139.0, -85.0, -88.0, -138.0, -92.0, -142.0, -141.0, -84.0, -160.0, -103.0, -160.0, -93.0, -85.0, -139.0, -144.0, -96.0, -163.0, -89.0, -149.0, -166.0, -150.0, -150.0, -111.0, -153.0, -139.0, -142.0, -139.0, -147.0, -175.0, -149.0, -94.0, -200.0, -141.0, -147.0, -123.0, -147.0, -163.0, -85.0, -99.0, -173.0, -102.0, -159.0, -119.0, -139.0, -137.0, -145.0, -152.0, -84.0, -143.0, -141.0, -84.0, -93.0, -89.0, -163.0, -141.0, -96.0, -143.0, -92.0, -97.0, -145.0, -139.0, -141.0, -149.0, -145.0, -145.0, -109.0, -142.0, -90.0, -84.0, -92.0, -145.0, -85.0, -142.0, -147.0, -166.0, -143.0, -138.0, -156.0, -139.0, -150.0, -141.0, -159.0, -141.0], "episode_types": ["t", "t", "t", "t", "t", "t", "t", "t", "t", "t", "t", "t", "t", "t", "t", "t", "t", "t", "t", "t", "t", "t", "t", "t", "t", "t", "t", "t", "t", "t", "t", "t", "t", "t", "t", "t", "t", "t", "t", "t", "t", "t", "t", "t", "t", "t", "t", "t", "t", "t", "t", "t", "t", "t", "t", "t", "t", "t", "t", "t", "t", "t", "t", "t", "t", "t", "t", "t", "t", "t", "t", "t", "t", "t", "t", "t", "t", "t", "t", "t", "t", "t", "t", "t", "t", "t", "t", "t", "t", "t", "t", "t", "t", "t", "t", "t", "t", "t", "t", "t"]}